evidence_id,source_namespace,source_commit_or_direct_producer,source_path,source_sha256,authority_scope,used_fields,authoritative_for_transformation,lineage_note,verified
R01,git_object,35a87a46b08b1362c990c10e95b7ab03d1865af5,data/derived/covalent_small/covapie_current11_reaction_family_and_warhead_rule_approval_review_package_v1/covapie_family_rule_review_unit_matrix.csv,1d1a61aecd983b156ac97059a087237fb36fc630b5df77fc8a03b1d2ab881d2b,formal_review_schema,review_package_exact9,false,formal review-package candidate tree; no post-state authority,true
R02,git_object,35a87a46b08b1362c990c10e95b7ab03d1865af5,data/derived/covalent_small/covapie_current11_reaction_family_and_warhead_rule_approval_review_package_v1/covapie_review_package_failure_matrix.csv,d8706c5f82f6d9e3c4c9d6d8617d7034f2175d76eb31f4f84ffa6eb4de6733bb,formal_review_schema,review_package_exact9,false,formal review-package candidate tree; no post-state authority,true
R03,git_object,35a87a46b08b1362c990c10e95b7ab03d1865af5,data/derived/covalent_small/covapie_current11_reaction_family_and_warhead_rule_approval_review_package_v1/covapie_review_package_field_contract.csv,9b277e2cdc6bfd066d067c6ff9af16c5b8b5ffe51cfcb5080ab83966d0538989,formal_review_schema,review_package_exact9,false,formal review-package candidate tree; no post-state authority,true
R04,git_object,35a87a46b08b1362c990c10e95b7ab03d1865af5,data/derived/covalent_small/covapie_current11_reaction_family_and_warhead_rule_approval_review_package_v1/covapie_review_package_manifest.json,4051ad07b0bcf934533bde03a064fd84ab3d6de30ab1413988a57ed75ca933bb,formal_review_schema,review_package_exact9,false,formal review-package candidate tree; no post-state authority,true
R05,git_object,35a87a46b08b1362c990c10e95b7ab03d1865af5,data/derived/covalent_small/covapie_current11_reaction_family_and_warhead_rule_approval_review_package_v1/covapie_review_package_source_inventory.csv,70ee45efbbe2b9076ce27ef39aaab934f2456ab1c6c8df5b0b68ceb0e8949304,formal_review_schema,review_package_exact9,false,formal review-package candidate tree; no post-state authority,true
R06,git_object,35a87a46b08b1362c990c10e95b7ab03d1865af5,docs/covapie_current11_reaction_family_and_warhead_rule_approval_review_package_v1_guide.md,7c45325c588cc1187be05d26391e594b78e6e4c62852c11205b78ea921def44d,formal_review_schema,review_package_exact9,false,formal review-package candidate tree; no post-state authority,true
R07,git_object,35a87a46b08b1362c990c10e95b7ab03d1865af5,scripts/materialize_covapie_current11_reaction_family_and_warhead_rule_approval_review_package_v1.py,454dee10a5558e904f2313f4923668d3ee6b762bc92857278e0e0b961438b60f,formal_review_schema,review_package_exact9,false,formal review-package candidate tree; no post-state authority,true
R08,git_object,35a87a46b08b1362c990c10e95b7ab03d1865af5,src/covalent_ext/covapie_current11_reaction_family_and_warhead_rule_approval_review_package_v1.py,e395ef8730d7cfff756ec87f8d724ae8ff976426be41fbd7e35af37cad7230df,formal_review_schema,review_package_exact9,false,formal review-package candidate tree; no post-state authority,true
R09,git_object,35a87a46b08b1362c990c10e95b7ab03d1865af5,tests/test_covapie_current11_reaction_family_and_warhead_rule_approval_review_package_v1.py,e5e8dec283ea32c315f998672ed5f505db4bd88adf62d2ee9dce04d590328158,formal_review_schema,review_package_exact9,false,formal review-package candidate tree; no post-state authority,true
B01,git_object,2e07b7b094e2dccc69eaf29b5f51db0f9af2e81b,data/derived/covalent_small/covapie_current11_reaction_family_and_approved_warhead_rule_authority_binding_v1/covapie_current11_family_rule_authority_binding_matrix.csv,7064c1d0153ba1399bfdae8affcf21ead3f27e8a933987cd025ba5101a92bb61,formal_review_schema,binding_conclusion;sample_identity,false,formal binding matrix is not transformation authority,true
B02,git_object,2e07b7b094e2dccc69eaf29b5f51db0f9af2e81b,data/derived/covalent_small/covapie_current11_reaction_family_and_approved_warhead_rule_authority_binding_v1/covapie_family_and_warhead_rule_authority_registry.csv,4899d4664acf45d5ee90283e7977d62385b3a70fe41e082f4d060388be7e106b,formal_review_schema,family_id;rule_id;authority_status,false,binding registry,true
B03,git_object,2e07b7b094e2dccc69eaf29b5f51db0f9af2e81b,data/derived/covalent_small/covapie_current11_reaction_family_and_approved_warhead_rule_authority_binding_v1/covapie_family_rule_binding_source_inventory.csv,9e1533d8135d253b3360954b218f0219c56bc21aee424b4fce7ba8bc2672eae7,formal_review_schema,binding_source_lineage,false,binding source inventory,true
B04,git_object,2e07b7b094e2dccc69eaf29b5f51db0f9af2e81b,data/derived/covalent_small/covapie_current11_reaction_family_and_approved_warhead_rule_authority_binding_v1/covapie_family_rule_authority_binding_manifest.json,0a6f6228e6397d3ccaef87a93a8c45dcab5e3c505cf0091a08c2bec335712dcc,formal_review_schema,binding_manifest,false,binding predecessor manifest,true
A01,git_object,0c8d1d10260a028360357b8c309f22676fc81645,data/derived/covalent_small/covapie_current11_cys_sg_reaction_family_and_warhead_rule_assignments_v1/covapie_current11_cys_sg_candidate_assignment_authority.csv,bc49e2f1ca112ceae30c91fa492386f6012c9005fc5137b40d3daec2343ef5d9,formal_reactive_atom_identity,sample_ids;pdb_ids;ligand_ids;C21;CYS:SG,false,candidate assignment identity evidence,true
G01,git_object,dc1222503dcec83220a28df2abdae898a0855864,data/derived/covalent_small/covapie_cys_sg_reaction_family_and_warhead_rule_registry_design_v1/covapie_cys_sg_warhead_rule_registry.csv,3311aaca925e29036b702822bd85fbaf4e2c3a02c9b7882d255956c65cd02309,candidate_local_graph,canonical_local_graph_rule_json;formed_bond_order,false,candidate graph is not an approved structural pattern,true
G02,git_object,dc1222503dcec83220a28df2abdae898a0855864,data/derived/covalent_small/covapie_cys_sg_reaction_family_and_warhead_rule_registry_design_v1/covapie_cys_sg_reaction_family_registry.csv,230dc6da03beee55e53df75cba887151c23b703e10dce18de4ff6304d05b6353,candidate_reaction_delta,candidate_family;mechanism_not_claimed,false,candidate reaction family registry,true
G03,git_object,dc1222503dcec83220a28df2abdae898a0855864,data/derived/covalent_small/covapie_cys_sg_reaction_family_and_warhead_rule_registry_design_v1/covapie_current11_reaction_family_and_warhead_rule_design_matrix.csv,24ae0fbd2dc1454574d9ed17145ba71d3b3132ffecfb84a1a831eceb77efab03,formal_pre_reaction_graph,parent_local_bonds_json;observed_local_bonds_json,false,pre-reaction local graph only,true
P01,git_object,68c5ca5cf1ce5b20be5db9ce0b37e10830c09288,data/derived/covalent_small/covapie_current11_observed_to_parent_atom_projection_authority_v1/covapie_current11_observed_to_parent_atom_mapping_authority.csv,f803e0c5fb2585c8dae31dbff254749496f897f4bf9a5103455c6c675a132a1e,formal_pre_reaction_graph,observed_to_parent_atom_mapping,false,observed-to-parent identity projection,true
P02,git_object,68c5ca5cf1ce5b20be5db9ce0b37e10830c09288,data/derived/covalent_small/covapie_current11_observed_to_parent_atom_projection_authority_v1/covapie_current11_parent_and_observed_projected_bond_authority.csv,bd31b7c074c3d4226c26bfe0210b9c3460f38c5087f1157b1167749f91bfffe0,formal_pre_reaction_graph,projected_parent_and_observed_bonds,false,pre-reaction bond authority,true
C01,git_object,e5563ed50db6e56cbdfb6cc629e5eb4fe9137edf,data/derived/covalent_small/covapie_covalent_bond_atom_pair_encoding_contract_current_canonical_evidence_validation_v1/covapie_atom_pair_atom_table_mapping_validation_matrix.csv,9f26b25ed11d186a02a1f859de10a105605ce3af13805ac5a4be1ad73199df45,formal_covalent_atom_pair_identity,atom_table_mapping,false,exact identity mapping without transformation semantics,true
C02,git_object,e5563ed50db6e56cbdfb6cc629e5eb4fe9137edf,data/derived/covalent_small/covapie_covalent_bond_atom_pair_encoding_contract_current_canonical_evidence_validation_v1/covapie_atom_pair_canonical_record_validation_matrix.csv,c756e6ce601bad1d10cfba5cac6129f9f688d00451cc1d805edff938ccee6ca0,formal_covalent_atom_pair_identity,CYS_SG_to_C21_pair,false,explicit pair identity is not bond-order or transformation authority,true
Y01,git_object,e6a2e0e4cd00efc4635f7fb9ee7bb2008220348e,data/derived/covalent_small/covapie_independent_group_expansion_batch_sample_preparation_execution_smoke_v0/samples/1AYU_INA/ligand_residue_atom_pair_table.csv,bf68477bccf748c347f4198f71fa95a65899f684a510b73d17ae9e566917bc5e,formal_pair_geometry_only,SG_C21_pair_distance,false,geometry only; not bond order or transformation,true
Y02,git_object,e6a2e0e4cd00efc4635f7fb9ee7bb2008220348e,data/derived/covalent_small/covapie_independent_group_expansion_batch_sample_preparation_execution_smoke_v0/samples/1AYW_IN3/ligand_residue_atom_pair_table.csv,58148a7ea77024eee27f871d618d4e257d3649bfd6a420b2ea6d4050dbcffe8f,formal_pair_geometry_only,SG_C21_pair_distance,false,geometry only; not bond order or transformation,true
U01,sha_bound_formal_state,51810f19e0bbb96171a7dd3aebd72ef08eda0200,state://manual-review/covapie_current11_unified_effective_authority_view_v1.json,f4178987f3c3eed0e248f6d3d5f22cb8bce1839d39ab08aff0bff9d2ef9f3774,formal_boundary_partition,Exact2_effective_attachment_boundaries,false,formal boundary partition only,true
W01,sha_bound_formal_state,35a87a46b08b1362c990c10e95b7ab03d1865af5,state://manual-review/current11-family-rule-approval-v1/README.md,937549dd849dc7ca6bd3f67bad45f4620eedc8658afda3406e939a0b934b7a65,formal_review_schema,formal_review_package_exact5,false,formal review workspace; no transformation authority,true
W02,sha_bound_formal_state,35a87a46b08b1362c990c10e95b7ab03d1865af5,state://manual-review/current11-family-rule-approval-v1/family_rule_approval_worklist.csv,9a85c03384a09620a1c168b023d3a1de2ebb1fed57589e55449ec1672d6c3add,formal_review_schema,formal_30_field_review_contract,false,formal review workspace; no transformation authority,true
W03,sha_bound_formal_state,35a87a46b08b1362c990c10e95b7ab03d1865af5,state://manual-review/current11-family-rule-approval-v1/family_rule_candidate_evidence.json,e0e3e4f2a8e30eea630756579d59fcde7c4ca3fe8dc36e86f6405bc79f3b16d1,formal_review_schema,formal_review_package_exact5,false,formal review workspace; no transformation authority,true
W04,sha_bound_formal_state,35a87a46b08b1362c990c10e95b7ab03d1865af5,state://manual-review/current11-family-rule-approval-v1/sample_support_evidence.csv,efff4ad3e51c4bbbd043db53483db8496e16c20f29a252aef5ce947b37eb1169,formal_review_schema,formal_review_package_exact5,false,formal review workspace; no transformation authority,true
W05,sha_bound_formal_state,35a87a46b08b1362c990c10e95b7ab03d1865af5,state://manual-review/current11-family-rule-approval-v1/review_package_manifest.json,538bf50d3989f4629a4a5b2b709df322789b2e9f892260408817f4ac11416d91,formal_review_schema,formal_review_package_exact5,false,formal review workspace; no transformation authority,true
D01,non_authoritative_state_aid,prepare_covapie_current11_family_rule_approval_review_unit_000001_dossier_v1,state-aid://manual-review-aids/current11-family-rule-approval-v1/CURRENT11_FAMILY_RULE_APPROVAL_REVIEW_UNIT_000001/README.md,0e03596699e9389f5e867b4999361d846cff2b207ee0430be070ec831df17fa9,non_authoritative_review_aid,crosscheck_only,false,non_authoritative_human_review_aid_crosscheck,true
D02,non_authoritative_state_aid,prepare_covapie_current11_family_rule_approval_review_unit_000001_dossier_v1,state-aid://manual-review-aids/current11-family-rule-approval-v1/CURRENT11_FAMILY_RULE_APPROVAL_REVIEW_UNIT_000001/dossier_manifest.json,842585ab0eb2209933c02f2337ea602a06b463fba265c499fd8c6d5e5f2b727b,non_authoritative_review_aid,crosscheck_only,false,non_authoritative_human_review_aid_crosscheck,true
D03,non_authoritative_state_aid,prepare_covapie_current11_family_rule_approval_review_unit_000001_dossier_v1,state-aid://manual-review-aids/current11-family-rule-approval-v1/CURRENT11_FAMILY_RULE_APPROVAL_REVIEW_UNIT_000001/frozen_review_unit_summary.json,18a63b5c8e85e25c5d16eae9b08b7fdb9ba8b64be63ab6947636919346b63041,non_authoritative_review_aid,crosscheck_only,false,non_authoritative_human_review_aid_crosscheck,true
D04,non_authoritative_state_aid,prepare_covapie_current11_family_rule_approval_review_unit_000001_dossier_v1,state-aid://manual-review-aids/current11-family-rule-approval-v1/CURRENT11_FAMILY_RULE_APPROVAL_REVIEW_UNIT_000001/candidate_local_graph.svg,2daad45b6d2b1b35bdfb38ddfc1f5cb38cdf58eabbe31c591273714a6dafdc96,non_authoritative_review_aid,crosscheck_only,false,non_authoritative_human_review_aid_crosscheck,true
D05,non_authoritative_state_aid,prepare_covapie_current11_family_rule_approval_review_unit_000001_dossier_v1,state-aid://manual-review-aids/current11-family-rule-approval-v1/CURRENT11_FAMILY_RULE_APPROVAL_REVIEW_UNIT_000001/sample_support_evidence.csv,2a83a71a313a8f0d542ec84ea46a8a4e1943b327181b7a2227fdbee199062c35,non_authoritative_review_aid,crosscheck_only,false,non_authoritative_human_review_aid_crosscheck,true
D06,non_authoritative_state_aid,prepare_covapie_current11_family_rule_approval_review_unit_000001_dossier_v1,state-aid://manual-review-aids/current11-family-rule-approval-v1/CURRENT11_FAMILY_RULE_APPROVAL_REVIEW_UNIT_000001/human_review_questionnaire.md,3e451ce14a89652e179fa2a0cde83daf617240fa4043b9b9674e307b10527eda,non_authoritative_review_aid,crosscheck_only,false,non_authoritative_human_review_aid_crosscheck,true
