sdf_atom_index,pdb_atom_name,element,x,y,z
0,C21,C,-2.6100,-7.0640,-0.3710
1,C20,C,-1.9850,-6.5260,-1.6670
2,C19,C,-2.5410,-5.1470,-2.0200
3,N6,N,-2.1280,-4.1450,-1.0110
4,C23,C,-2.9190,-3.1270,-0.6910
5,O2,O,-2.5630,-2.3050,0.1540
6,C24,C,-4.2770,-2.9590,-1.3690
7,C25,C,-5.3640,-2.1680,-0.6430
8,C18,C,-0.8220,-4.2890,-0.3370
9,C17,C,0.1210,-5.1600,-1.1490
10,N2,N,-0.5160,-6.4570,-1.5220
11,C7,C,0.2320,-7.6550,-1.5860
12,N3,N,-0.4850,-8.7940,-1.5410
13,C8,C,0.0880,-10.0030,-1.5640
14,O1,O,-0.6060,-11.0170,-1.5250
15,N4,N,1.4680,-10.1120,-1.6350
16,C9,C,2.0470,-11.3780,-1.6480
17,C13,C,2.3470,-11.9760,-2.8600
18,C22,C,2.0370,-11.2480,-4.1650
19,C12,C,2.9240,-13.2400,-2.8570
20,C11,C,3.1780,-13.8590,-1.6380
21,N5,N,2.8820,-13.2670,-0.4920
22,C10,C,2.3200,-12.0470,-0.4540
23,C14,C,2.0060,-11.4200,0.9130
24,C16,C,0.9860,-12.2700,1.6830
25,C15,C,3.3030,-11.2870,1.7110
26,C2,C,2.2580,-8.9660,-1.6800
27,N1,N,3.5950,-9.0860,-1.7440
28,C1,C,1.6420,-7.7170,-1.6560
29,C5,C,2.4670,-6.5910,-1.7080
30,C4,C,3.8540,-6.7420,-1.7820
31,F1,F,4.6580,-5.6630,-1.8360
32,C3,C,4.4080,-8.0240,-1.7950
33,C6,C,5.7890,-8.2170,-1.8650
34,C30,C,6.6350,-7.6600,-0.8950
35,F2,F,6.1440,-6.9310,0.1290
36,C29,C,8.0110,-7.8500,-0.9680
37,C28,C,8.5500,-8.6020,-2.0050
38,C27,C,7.7190,-9.1620,-2.9660
39,C26,C,6.3430,-8.9750,-2.9010
40,O3,O,5.5560,-9.5360,-3.8560
